HEADER,SAMPLE,4
HEADER,HEURISTICS,EXPERIENCE,0,CURIOSITY,0,ACHIEVEMENT,0,COMPLETION,0,AGGRESSION,1,ADRENALINE,1,CAUTION,0,EFFICIENCY,0,
POSITION,0.02,-32,0.5109868,-32,0,-0.3710924,0
POSITION,0.2682217,-32,0.5109868,-32,0,-0.3710924,0
POSITION,0.5216762,-32,0.5109868,-32,0,-0.3710924,0
POSITION,0.78171,-32.04762,0.5109868,-32.23537,0,-0.4445165,0
POSITION,1.019746,-32.49495,0.5109868,-32.23409,0,-0.5862604,0
POSITION,1.271855,-33.30256,0.5109868,-32.1873,0,-0.6541764,0
POSITION,1.525244,-34.18729,0.5109868,-32.12587,0,-0.6737244,0
POSITION,1.77711,-35.06671,0.5109868,-32.06482,0,-0.6787665,0
POSITION,2.028297,-35.75513,0.5109868,-31.81213,0,-0.5868677,0
