HEADER,SAMPLE,4
HEADER,HEURISTICS,EXPERIENCE,0,CURIOSITY,0,ACHIEVEMENT,0,COMPLETION,0,AGGRESSION,1,ADRENALINE,1,CAUTION,0,EFFICIENCY,0,
POSITION,0.02,-32,0.5109868,-32,0,-0.3710924,0
POSITION,0.2682217,-32,0.5109868,-32,0,-0.3710924,0
POSITION,0.5216762,-32,0.5109868,-32,0,-0.3710924,0
POSITION,0.78171,-32.13494,0.5109868,-31.84834,0,-0.4379244,0
POSITION,1.019746,-32.58321,0.5109868,-31.87132,0,-0.5988213,0
POSITION,1.271855,-33.40389,0.5109868,-31.91128,0,-0.6762832,0
POSITION,1.525244,-33.91975,0.5109868,-31.80101,0,-0.4997456,0
POSITION,1.77711,-33.99119,0.5109868,-31.78487,0,-0.2562335,0
POSITION,2.028297,-33.99119,0.5109868,-31.78487,0,-0.2223423,0
