HEADER,SAMPLE,4
HEADER,HEURISTICS,EXPERIENCE,0,CURIOSITY,0,ACHIEVEMENT,0,COMPLETION,0,AGGRESSION,1,ADRENALINE,1,CAUTION,0,EFFICIENCY,0,
POSITION,0.02,-32,0.5109868,-32,0,-0.3710924,0
POSITION,0.2682217,-32,0.5109868,-32,0,-0.3710924,0
POSITION,0.5216762,-32,0.5109868,-32,0,-0.3710924,0
POSITION,0.78171,-32.02093,0.5109868,-32.03269,0,-0.2112781,0
POSITION,1.019746,-32.02093,0.5109868,-32.03269,0,0.03628446,0
POSITION,1.271855,-32.02093,0.5109868,-32.03269,0,0.1406582,0
POSITION,1.525244,-32.02093,0.5109868,-32.03269,0,0.1406582,0
POSITION,1.77711,-32.02093,0.5109868,-32.03269,0,-0.138063,0
POSITION,2.028297,-32.02093,0.5109868,-32.03269,0,-0.6167389,0
