HEADER,SAMPLE,4
HEADER,HEURISTICS,EXPERIENCE,0,CURIOSITY,0,ACHIEVEMENT,0,COMPLETION,0,AGGRESSION,1,ADRENALINE,1,CAUTION,0,EFFICIENCY,0,
POSITION,0.02,-32,0.5109868,-32,0,-0.3710924,0
POSITION,0.2682217,-32,0.5109868,-32,0,-0.3710924,0
POSITION,0.5216762,-32,0.5109868,-32,0,-0.3710924,0
POSITION,0.78171,-31.89549,0.5109868,-31.85638,0,-0.3510176,0
POSITION,1.019746,-32.1834,0.5109868,-31.53959,0,-0.3620119,0
POSITION,1.271855,-32.82677,0.5109868,-30.99231,0,-0.4027543,0
POSITION,1.525244,-33.50608,0.5109868,-30.42219,0,-0.4165446,0
POSITION,1.77711,-34.1558,0.5109868,-29.87692,0,-0.3382481,0
POSITION,2.028297,-34.49486,0.5109868,-29.59236,0,-0.08191886,0
